id;chuc_vu;ho_ten;email;dia_chi;so_dien_thoai
1;Colorado programming;Borders;Keshawn_Ondricka77@yahoo.com;circuit Monitored;Fantastic EXE Buckinghamshire
2;Dollar;olive Pants;Lenora_Kub95@yahoo.com;applications;Borders
3;incremental Investment;azure Handcrafted;Mohamed19@yahoo.com;Borders Chicken;paradigms Virginia navigate
4;Electronics withdrawal grey;deposit redundant;Will20@hotmail.com;quantify Orchard;Fresh Functionality
5;Bedfordshire;moratorium Ringgit;Selena.Berge@hotmail.com;haptic Usability Ruble;users microchip Bike
6;compress;quantifying Automotive;Laurel56@gmail.com;Massachusetts Cotton;Account
7;Orchestrator Connecticut neural;Operations;Daphney.Stark@hotmail.com;Toys matrix compress;Accounts capacitor
8;Fantastic Wisconsin;Moldovan Knolls up;Jaylin.Howe46@gmail.com;Outdoors high-level;Producer Customer
9;Steel;invoice Planner Sleek;Mortimer.Stanton54@hotmail.com;copying Buckinghamshire;sensor scalable Implemented
10;parse;Orchestrator Forward;Marietta_Koelpin@gmail.com;Pizza matrix array;Licensed silver
